INSERT INTO Persona (pasaporte, fecha_nacimiento,nombre_apellido)
VALUES ('AB5855A','1980-01-01','Claudio Bravo'),
('AB5855B','1980-01-01','Eugenio Mena'),
('AB5855C','1980-01-01','Miiko Albornoz'),
('AB5855D','1980-01-01','Mauricio Isla'),
('AB5855E','1980-01-01','Francisco Silva'),
('AB5855F','1980-01-01','Carlos Carmona'),
('AB5855G','1980-01-01','Alexis Sanchez'),
('AB5855H','1980-01-01','Arturo Vidal'),
('AB5855I','1980-01-01','Mauricio Pinilla'),
('AB5855J','1980-01-01','Jorge Valdivia'),
('AB5855K','1980-01-01','Eduardo Vargas'),
('AB5855L','1980-01-01','Cristopher Toselli'),
('AB5855M','1980-01-01','Jose Rojas'),
('AB5855N','1980-01-01','Fabian Orellana'),
('AB5855O','1980-01-01','Jean Beausejour'),
('AB5855P','1980-01-01','Felipe Gutierrez'),
('AB5855Q','1980-01-01','Gary Medel'),
('AB5855R','1980-01-01','Gonzalo Jara'),
('AB5855S','1980-01-01','Jose Pedro Fuenzalida'),
('AB5855T','1980-01-01','Charles Aranguiz'),
('AB5855U','1980-01-01','Marcelo Diaz'),
('AB5855V','1980-01-01','Esteban Paredes'),
('AB5855W','1980-01-01','Johnny Herrera'),
('AB5854B','1975-01-01','Ismael Fuentes'),
('AB5854C','1975-01-01','Waldo Ponce'),
('AB5854E','1975-01-01','Pablo Contreras'),
('AB5854I','1975-01-01','Humberto Suazo'),
('AB5854K','1975-01-01','Mark Gonzales'),
('AB5854L','1975-01-01','Miguel Pinto'),
('AB5854M','1975-01-01','Marco Estrada'),
('AB5854N','1975-01-01','Matias Fernandez'),
('AB5854S','1975-01-01','Gonzalo Fierro'),
('AB5854T','1975-01-01','Rodrigo Millar'),
('AB5854U','1975-01-01','Rodrigo Tello'),
('AB5854W','1975-01-01','Luis Marin');
INSERT INTO Jugador (pasaporte_jugador)
VALUES ('AB5855A'),
('AB5855B'),
('AB5855C'),
('AB5855D'),
('AB5855E'),
('AB5855F'),
('AB5855G'),
('AB5855H'),
('AB5855I'),
('AB5855J'),
('AB5855K'),
('AB5855L'),
('AB5855M'),
('AB5855N'),
('AB5855O'),
('AB5855P'),
('AB5855Q'),
('AB5855R'),
('AB5855S'),
('AB5855T'),
('AB5855U'),
('AB5855V'),
('AB5855W'),
('AB5854B'),
('AB5854C'),
('AB5854E'),
('AB5854I'),
('AB5854K'),
('AB5854L'),
('AB5854M'),
('AB5854N'),
('AB5854S'),
('AB5854T'),
('AB5854U'),
('AB5854W');

INSERT INTO Juega_En
VALUES (38,2014,'AB5855A',1,1),
(38,2014,'AB5855B',2,0),
(38,2014,'AB5855C',3,1),
(38,2014,'AB5855D',4,0),
(38,2014,'AB5855E',5,1),
(38,2014,'AB5855F',6,0),
(38,2014,'AB5855G',7,1),
(38,2014,'AB5855H',8,0),
(38,2014,'AB5855I',9,1),
(38,2014,'AB5855J',10,0),
(38,2014,'AB5855K',11,1),
(38,2014,'AB5855L',12,0),
(38,2014,'AB5855M',13,1),
(38,2014,'AB5855N',14,0),
(38,2014,'AB5855O',15,1),
(38,2014,'AB5855P',16,0),
(38,2014,'AB5855Q',17,1),
(38,2014,'AB5855R',18,0),
(38,2014,'AB5855S',19,1),
(38,2014,'AB5855T',20,0),
(38,2014,'AB5855U',21,1),
(38,2014,'AB5855V',22,0),
(38,2014,'AB5855W',23,1),
(38,2010,'AB5855A',1,0),
(38,2010,'AB5854B',2,1),
(38,2010,'AB5854C',3,0),
(38,2010,'AB5855D',4,1),
(38,2010,'AB5854E',5,0),
(38,2010,'AB5855F',6,1),
(38,2010,'AB5855G',7,0),
(38,2010,'AB5855H',8,1),
(38,2010,'AB5854I',9,0),
(38,2010,'AB5855J',10,1),
(38,2010,'AB5854K',11,0),
(38,2010,'AB5854L',12,1),
(38,2010,'AB5854M',13,0),
(38,2010,'AB5854N',14,1),
(38,2010,'AB5855O',15,0),
(38,2010,'AB5855N',16,1),
(38,2010,'AB5855Q',17,0),
(38,2010,'AB5855R',18,1),
(38,2010,'AB5854S',19,0),
(38,2010,'AB5854T',20,1),
(38,2010,'AB5854U',21,0),
(38,2010,'AB5855V',22,1),
(38,2010,'AB5854W',23,0);